{"initial_reset_timestamp": 5249.443992038, "timestamps": [5412.261234682, 5498.618258632, 5548.937235568, 5781.737226092, 5851.286636066, 5952.968234708, 6203.810623011], "episode_lengths": [151, 90, 87, 400, 122, 178, 400], "episode_rewards": [61868.040000000095, 37678.60000000004, 36691.48000000005, 287091.0000000001, 56181.88000000007, 87187.1199999999, 300237.99999999994], "episode_types": ["t", "t", "t", "t", "t", "t", "t", "t"]}